"http://www.okkam.org/oaie/restaurant1-Address81","","","http://www.okkam.org/oaie/restaurant1-City81","","","2290 peachtree rd.  peachtree square shopping center","http://www.okkam.org/ontology_restaurant1.owl#Address"
"http://www.okkam.org/oaie/restaurant1-City55","","","","new york","","","http://www.okkam.org/ontology_restaurant1.owl#City"
"http://www.okkam.org/oaie/restaurant1-Restaurant16","californian","http://www.okkam.org/oaie/restaurant1-Address16","","patina","213/467-1108","","http://www.okkam.org/ontology_restaurant1.owl#Restaurant"
"http://www.okkam.org/oaie/restaurant1-Address109","","","http://www.okkam.org/oaie/restaurant1-City109","","","545 post st.","http://www.okkam.org/ontology_restaurant1.owl#Address"
"http://www.okkam.org/oaie/restaurant1-Address12","","","http://www.okkam.org/oaie/restaurant1-City12","","","8284 melrose ave.","http://www.okkam.org/ontology_restaurant1.owl#Address"
"http://www.okkam.org/oaie/restaurant1-City2","","","","bel air","","","http://www.okkam.org/ontology_restaurant1.owl#City"
"http://www.okkam.org/oaie/restaurant1-City41","","","","new york","","","http://www.okkam.org/ontology_restaurant1.owl#City"
"http://www.okkam.org/oaie/restaurant1-City15","","","","los angeles","","","http://www.okkam.org/ontology_restaurant1.owl#City"
"http://www.okkam.org/oaie/restaurant1-Address8","","","http://www.okkam.org/oaie/restaurant1-City8","","","23725 w. malibu rd.","http://www.okkam.org/ontology_restaurant1.owl#Address"
"http://www.okkam.org/oaie/restaurant1-City95","","","","san francisco","","","http://www.okkam.org/ontology_restaurant1.owl#City"
"http://www.okkam.org/oaie/restaurant1-Restaurant95","seafood","http://www.okkam.org/oaie/restaurant1-Address95","","aqua","415/956-9662","","http://www.okkam.org/ontology_restaurant1.owl#Restaurant"
"http://www.okkam.org/oaie/restaurant1-Restaurant56","american","http://www.okkam.org/oaie/restaurant1-Address56","","river cafe","718/522-5200","","http://www.okkam.org/ontology_restaurant1.owl#Restaurant"
"http://www.okkam.org/oaie/restaurant1-Restaurant101","french","http://www.okkam.org/oaie/restaurant1-Address101","","fringale","415/543-0573","","http://www.okkam.org/ontology_restaurant1.owl#Restaurant"
"http://www.okkam.org/oaie/restaurant1-Restaurant26","coffee bar","http://www.okkam.org/oaie/restaurant1-Address26","","cafe lalo","212/496-6031","","http://www.okkam.org/ontology_restaurant1.owl#Restaurant"
"http://www.okkam.org/oaie/restaurant1-City81","","","","atlanta","","","http://www.okkam.org/ontology_restaurant1.owl#City"
"http://www.okkam.org/oaie/restaurant1-Restaurant76","american","http://www.okkam.org/oaie/restaurant1-Address76","","bone's","404/237-2663","","http://www.okkam.org/ontology_restaurant1.owl#Restaurant"
"http://www.okkam.org/oaie/restaurant1-City103","","","","san francisco","","","http://www.okkam.org/ontology_restaurant1.owl#City"
"http://www.okkam.org/oaie/restaurant1-Restaurant66","american","http://www.okkam.org/oaie/restaurant1-Address66","","virgil's","212/ 921-9494","","http://www.okkam.org/ontology_restaurant1.owl#Restaurant"
"http://www.okkam.org/oaie/restaurant1-Address61","","","http://www.okkam.org/oaie/restaurant1-City61","","","1110 3rd ave. at 65th st.","http://www.okkam.org/ontology_restaurant1.owl#Address"
"http://www.okkam.org/oaie/restaurant1-Restaurant36","american","http://www.okkam.org/oaie/restaurant1-Address36","","gramercy tavern","212/477-0777","","http://www.okkam.org/ontology_restaurant1.owl#Restaurant"
"http://www.okkam.org/oaie/restaurant1-Restaurant46","american","http://www.okkam.org/oaie/restaurant1-Address46","","march","212/754-6272","","http://www.okkam.org/ontology_restaurant1.owl#Restaurant"
"http://www.okkam.org/oaie/restaurant1-Restaurant81","american","http://www.okkam.org/oaie/restaurant1-Address81","","georgia grille","404/352-3517","","http://www.okkam.org/ontology_restaurant1.owl#Restaurant"
"http://www.okkam.org/oaie/restaurant1-Restaurant17","american","http://www.okkam.org/oaie/restaurant1-Address17","","philippe's the original","213/628-3781","","http://www.okkam.org/ontology_restaurant1.owl#Restaurant"
"http://www.okkam.org/oaie/restaurant1-City56","","","","brooklyn","","","http://www.okkam.org/ontology_restaurant1.owl#City"
"http://www.okkam.org/oaie/restaurant1-Address80","","","http://www.okkam.org/oaie/restaurant1-City80","","","1 margaret mitchell sq.","http://www.okkam.org/ontology_restaurant1.owl#Address"
"http://www.okkam.org/oaie/restaurant1-City1","","","","studio city","","","http://www.okkam.org/ontology_restaurant1.owl#City"
"http://www.okkam.org/oaie/restaurant1-Address11","","","http://www.okkam.org/oaie/restaurant1-City11","","","903 n. la cienega blvd.","http://www.okkam.org/ontology_restaurant1.owl#Address"
"http://www.okkam.org/oaie/restaurant1-Restaurant67","asian","http://www.okkam.org/oaie/restaurant1-Address67","","chin's","702/733-8899","","http://www.okkam.org/ontology_restaurant1.owl#Restaurant"
"http://www.okkam.org/oaie/restaurant1-Address108","","","http://www.okkam.org/oaie/restaurant1-City108","","","3201 fillmore st.","http://www.okkam.org/ontology_restaurant1.owl#Address"
"http://www.okkam.org/oaie/restaurant1-City14","","","","beverly hills","","","http://www.okkam.org/ontology_restaurant1.owl#City"
"http://www.okkam.org/oaie/restaurant1-City42","","","","new york","","","http://www.okkam.org/ontology_restaurant1.owl#City"
"http://www.okkam.org/oaie/restaurant1-Address7","","","http://www.okkam.org/oaie/restaurant1-City7","","","8358 sunset blvd. west","http://www.okkam.org/ontology_restaurant1.owl#Address"
"http://www.okkam.org/oaie/restaurant1-City112","","","","los angeles","","","http://www.okkam.org/ontology_restaurant1.owl#City"
"http://www.okkam.org/oaie/restaurant1-City82","","","","atlanta","","","http://www.okkam.org/ontology_restaurant1.owl#City"
"http://www.okkam.org/oaie/restaurant1-City96","","","","san francisco","","","http://www.okkam.org/ontology_restaurant1.owl#City"
"http://www.okkam.org/oaie/restaurant1-Restaurant80","american","http://www.okkam.org/oaie/restaurant1-Address80","","delectables","404/681-2909","","http://www.okkam.org/ontology_restaurant1.owl#Restaurant"
"http://www.okkam.org/oaie/restaurant1-Restaurant100","french","http://www.okkam.org/oaie/restaurant1-Address100","","fleur de lys","415/673-7779","","http://www.okkam.org/ontology_restaurant1.owl#Restaurant"
"http://www.okkam.org/oaie/restaurant1-Restaurant57","italian","http://www.okkam.org/oaie/restaurant1-Address57","","san domenico","212/265-5959","","http://www.okkam.org/ontology_restaurant1.owl#Restaurant"
"http://www.okkam.org/oaie/restaurant1-Restaurant94","french","http://www.okkam.org/oaie/restaurant1-Address94","","alain rondelli","415/387-0408","","http://www.okkam.org/ontology_restaurant1.owl#Restaurant"
"http://www.okkam.org/oaie/restaurant1-City13","","","","los angeles","","","http://www.okkam.org/ontology_restaurant1.owl#City"
"http://www.okkam.org/oaie/restaurant1-Restaurant27","continental","http://www.okkam.org/oaie/restaurant1-Address27","","cafe des artistes","212/877-3500","","http://www.okkam.org/ontology_restaurant1.owl#Restaurant"
"http://www.okkam.org/oaie/restaurant1-Restaurant77","french","http://www.okkam.org/oaie/restaurant1-Address77","","brasserie le coze","404/266-1440","","http://www.okkam.org/ontology_restaurant1.owl#Restaurant"
"http://www.okkam.org/oaie/restaurant1-Address29","","","http://www.okkam.org/oaie/restaurant1-City29","","","854 7th ave.  between 54th and 55th sts.","http://www.okkam.org/ontology_restaurant1.owl#Address"
"http://www.okkam.org/oaie/restaurant1-Address60","","","http://www.okkam.org/oaie/restaurant1-City60","","","43 w. 65th st.","http://www.okkam.org/ontology_restaurant1.owl#Address"
"http://www.okkam.org/oaie/restaurant1-Address39","","","http://www.okkam.org/oaie/restaurant1-City39","","","33 w. 55th st.","http://www.okkam.org/ontology_restaurant1.owl#Address"
"http://www.okkam.org/oaie/restaurant1-Address10","","","http://www.okkam.org/oaie/restaurant1-City10","","","1972 n. hillhurst ave.","http://www.okkam.org/ontology_restaurant1.owl#Address"
"http://www.okkam.org/oaie/restaurant1-City102","","","","san francisco","","","http://www.okkam.org/ontology_restaurant1.owl#City"
"http://www.okkam.org/oaie/restaurant1-Restaurant47","american","http://www.okkam.org/oaie/restaurant1-Address47","","mesa grill","212/807-7400","","http://www.okkam.org/ontology_restaurant1.owl#Restaurant"
"http://www.okkam.org/oaie/restaurant1-Restaurant37","tel caribbean","http://www.okkam.org/oaie/restaurant1-Address37","","island spice","212/765-1737","","http://www.okkam.org/ontology_restaurant1.owl#Restaurant"
"http://www.okkam.org/oaie/restaurant1-Address14","","","http://www.okkam.org/oaie/restaurant1-City14","","","129 n. la cienega blvd.","http://www.okkam.org/ontology_restaurant1.owl#Address"
"http://www.okkam.org/oaie/restaurant1-City53","","","","new york","","","http://www.okkam.org/ontology_restaurant1.owl#City"
"http://www.okkam.org/oaie/restaurant1-City0","","","","los angeles","","","http://www.okkam.org/ontology_restaurant1.owl#City"
"http://www.okkam.org/oaie/restaurant1-Restaurant18","french","http://www.okkam.org/oaie/restaurant1-Address18","","pinot bistro","818/990-0500","","http://www.okkam.org/ontology_restaurant1.owl#Restaurant"
"http://www.okkam.org/oaie/restaurant1-Restaurant44","french","http://www.okkam.org/oaie/restaurant1-Address44","","lutece","212/752-2225","","http://www.okkam.org/ontology_restaurant1.owl#Restaurant"
"http://www.okkam.org/oaie/restaurant1-City43","","","","new york","","","http://www.okkam.org/ontology_restaurant1.owl#City"
"http://www.okkam.org/oaie/restaurant1-Restaurant78","american","http://www.okkam.org/oaie/restaurant1-Address78","","buckhead diner","404/262-3336","","http://www.okkam.org/ontology_restaurant1.owl#Restaurant"
"http://www.okkam.org/oaie/restaurant1-Address107","","","http://www.okkam.org/oaie/restaurant1-City107","","","1737 post st.","http://www.okkam.org/ontology_restaurant1.owl#Address"
"http://www.okkam.org/oaie/restaurant1-City17","","","","los angeles","","","http://www.okkam.org/ontology_restaurant1.owl#City"
"http://www.okkam.org/oaie/restaurant1-Address28","","","http://www.okkam.org/oaie/restaurant1-City28","","","2450 broadway  between 90th and 91st sts.","http://www.okkam.org/ontology_restaurant1.owl#Address"
"http://www.okkam.org/oaie/restaurant1-Restaurant103","asian","http://www.okkam.org/oaie/restaurant1-Address103","","khan toke thai house","415/668-6654","","http://www.okkam.org/ontology_restaurant1.owl#Restaurant"
"http://www.okkam.org/oaie/restaurant1-Restaurant58","delicatessen","http://www.okkam.org/oaie/restaurant1-Address58","","second avenue deli","212/677-0606","","http://www.okkam.org/ontology_restaurant1.owl#Restaurant"
"http://www.okkam.org/oaie/restaurant1-Restaurant93","italian","http://www.okkam.org/oaie/restaurant1-Address93","","veni vidi vici","404/875-8424","","http://www.okkam.org/ontology_restaurant1.owl#Restaurant"
"http://www.okkam.org/oaie/restaurant1-Restaurant24","continental","http://www.okkam.org/oaie/restaurant1-Address24","","aquavit","212/307-7311","","http://www.okkam.org/ontology_restaurant1.owl#Restaurant"
"http://www.okkam.org/oaie/restaurant1-City83","","","","atlanta","","","http://www.okkam.org/ontology_restaurant1.owl#City"
"http://www.okkam.org/oaie/restaurant1-Restaurant83","asian","http://www.okkam.org/oaie/restaurant1-Address83","","heera of india","404/876-4408","","http://www.okkam.org/ontology_restaurant1.owl#Restaurant"
"http://www.okkam.org/oaie/restaurant1-City93","","","","atlanta","","","http://www.okkam.org/ontology_restaurant1.owl#City"
"http://www.okkam.org/oaie/restaurant1-City101","","","","san francisco","","","http://www.okkam.org/ontology_restaurant1.owl#City"
"http://www.okkam.org/oaie/restaurant1-Restaurant64","mediterranean","http://www.okkam.org/oaie/restaurant1-Address64","","uncle nick's","212/315-1726","","http://www.okkam.org/ontology_restaurant1.owl#Restaurant"
"http://www.okkam.org/oaie/restaurant1-Restaurant38","american","http://www.okkam.org/oaie/restaurant1-Address38","","jo jo","212/223-5656","","http://www.okkam.org/ontology_restaurant1.owl#Restaurant"
"http://www.okkam.org/oaie/restaurant1-Address13","","","http://www.okkam.org/oaie/restaurant1-City13","","","3rd st.","http://www.okkam.org/ontology_restaurant1.owl#Address"
"http://www.okkam.org/oaie/restaurant1-City54","","","","new york","","","http://www.okkam.org/ontology_restaurant1.owl#City"
"http://www.okkam.org/oaie/restaurant1-Restaurant19","italian","http://www.okkam.org/oaie/restaurant1-Address19","","rex il ristorante","213/627-2300","","http://www.okkam.org/ontology_restaurant1.owl#Restaurant"
"http://www.okkam.org/oaie/restaurant1-City44","","","","new york","","","http://www.okkam.org/ontology_restaurant1.owl#City"
"http://www.okkam.org/oaie/restaurant1-Address9","","","http://www.okkam.org/oaie/restaurant1-City9","","","9560 dayton way","http://www.okkam.org/ontology_restaurant1.owl#Address"
"http://www.okkam.org/oaie/restaurant1-City16","","","","los angeles","","","http://www.okkam.org/ontology_restaurant1.owl#City"
"http://www.okkam.org/oaie/restaurant1-Restaurant79","french","http://www.okkam.org/oaie/restaurant1-Address79","","ciboulette","404/874-7600","","http://www.okkam.org/ontology_restaurant1.owl#Restaurant"
"http://www.okkam.org/oaie/restaurant1-Address106","","","http://www.okkam.org/oaie/restaurant1-City106","","","648 bush st.","http://www.okkam.org/ontology_restaurant1.owl#Address"
"http://www.okkam.org/oaie/restaurant1-Address27","","","http://www.okkam.org/oaie/restaurant1-City27","","","1 w. 67th st.","http://www.okkam.org/ontology_restaurant1.owl#Address"
"http://www.okkam.org/oaie/restaurant1-Restaurant59","asian","http://www.okkam.org/oaie/restaurant1-Address59","","seryna","212/980-9393","","http://www.okkam.org/ontology_restaurant1.owl#Restaurant"
"http://www.okkam.org/oaie/restaurant1-Restaurant102","american","http://www.okkam.org/oaie/restaurant1-Address102","","hawthorne lane","415/777-9779","","http://www.okkam.org/ontology_restaurant1.owl#Restaurant"
"http://www.okkam.org/oaie/restaurant1-Restaurant92","french","http://www.okkam.org/oaie/restaurant1-Address92","","toulouse","404/351-9533","","http://www.okkam.org/ontology_restaurant1.owl#Restaurant"
"http://www.okkam.org/oaie/restaurant1-Restaurant25","american","http://www.okkam.org/oaie/restaurant1-Address25","","aureole","212/ 319-1660","","http://www.okkam.org/ontology_restaurant1.owl#Restaurant"
"http://www.okkam.org/oaie/restaurant1-City94","","","","san francisco","","","http://www.okkam.org/ontology_restaurant1.owl#City"
"http://www.okkam.org/oaie/restaurant1-Restaurant82","international","http://www.okkam.org/oaie/restaurant1-Address82","","hedgerose heights inn","404/233-7673","","http://www.okkam.org/ontology_restaurant1.owl#Restaurant"
"http://www.okkam.org/oaie/restaurant1-City100","","","","san francisco","","","http://www.okkam.org/ontology_restaurant1.owl#City"
"http://www.okkam.org/oaie/restaurant1-Restaurant112","italian","http://www.okkam.org/oaie/restaurant1-Address112","","adriano's ristorante","310/475-9807","","http://www.okkam.org/ontology_restaurant1.owl#Restaurant"
"http://www.okkam.org/oaie/restaurant1-City84","","","","atlanta","","","http://www.okkam.org/ontology_restaurant1.owl#City"
"http://www.okkam.org/oaie/restaurant1-Restaurant45","seafood","http://www.okkam.org/oaie/restaurant1-Address45","","manhattan ocean club","212/ 371-7777","","http://www.okkam.org/ontology_restaurant1.owl#Restaurant"
"http://www.okkam.org/oaie/restaurant1-Restaurant65","american","http://www.okkam.org/oaie/restaurant1-Address65","","union square cafe","212/243-4020","","http://www.okkam.org/ontology_restaurant1.owl#Restaurant"
"http://www.okkam.org/oaie/restaurant1-Restaurant39","french","http://www.okkam.org/oaie/restaurant1-Address39","","la caravelle","212/586-4252","","http://www.okkam.org/ontology_restaurant1.owl#Restaurant"
"http://www.okkam.org/oaie/restaurant1-Address4","","","http://www.okkam.org/oaie/restaurant1-City4","","","624 s. la brea ave.","http://www.okkam.org/ontology_restaurant1.owl#Address"
"http://www.okkam.org/oaie/restaurant1-Address47","","","http://www.okkam.org/oaie/restaurant1-City47","","","102 5th ave.  between 15th and 16th sts.","http://www.okkam.org/ontology_restaurant1.owl#Address"
"http://www.okkam.org/oaie/restaurant1-Address105","","","http://www.okkam.org/oaie/restaurant1-City105","","","816 folsom st.","http://www.okkam.org/ontology_restaurant1.owl#Address"
"http://www.okkam.org/oaie/restaurant1-City19","","","","los angeles","","","http://www.okkam.org/ontology_restaurant1.owl#City"
"http://www.okkam.org/oaie/restaurant1-Restaurant52","french","http://www.okkam.org/oaie/restaurant1-Address52","","petrossian","212/245-2214","","http://www.okkam.org/ontology_restaurant1.owl#Restaurant"
"http://www.okkam.org/oaie/restaurant1-City45","","","","new york","","","http://www.okkam.org/ontology_restaurant1.owl#City"
"http://www.okkam.org/oaie/restaurant1-Address71","","","http://www.okkam.org/oaie/restaurant1-City71","","","200 e. fremont st.","http://www.okkam.org/ontology_restaurant1.owl#Address"
"http://www.okkam.org/oaie/restaurant1-Restaurant42","french","http://www.okkam.org/oaie/restaurant1-Address42","","les celebrites","212/484-5113","","http://www.okkam.org/ontology_restaurant1.owl#Restaurant"
"http://www.okkam.org/oaie/restaurant1-Address16","","","http://www.okkam.org/oaie/restaurant1-City16","","","5955 melrose ave.","http://www.okkam.org/ontology_restaurant1.owl#Address"
"http://www.okkam.org/oaie/restaurant1-Address98","","","http://www.okkam.org/oaie/restaurant1-City98","","","340 stockton st.","http://www.okkam.org/ontology_restaurant1.owl#Address"
"http://www.okkam.org/oaie/restaurant1-Address85","","","http://www.okkam.org/oaie/restaurant1-City85","","","2637 peachtree rd.  peachtree house condominium","http://www.okkam.org/ontology_restaurant1.owl#Address"
"http://www.okkam.org/oaie/restaurant1-Restaurant12","french","http://www.okkam.org/oaie/restaurant1-Address12","","le chardonnay","213/655-8880","","http://www.okkam.org/ontology_restaurant1.owl#Restaurant"
"http://www.okkam.org/oaie/restaurant1-City29","","","","new york","","","http://www.okkam.org/ontology_restaurant1.owl#City"
"http://www.okkam.org/oaie/restaurant1-City79","","","","atlanta","","","http://www.okkam.org/ontology_restaurant1.owl#City"
"http://www.okkam.org/oaie/restaurant1-Restaurant85","italian","http://www.okkam.org/oaie/restaurant1-Address85","","la grotta","404/231-1368","","http://www.okkam.org/ontology_restaurant1.owl#Restaurant"
"http://www.okkam.org/oaie/restaurant1-Address36","","","http://www.okkam.org/oaie/restaurant1-City36","","","42 e. 20th st.  between park ave. s and broadway","http://www.okkam.org/ontology_restaurant1.owl#Address"
"http://www.okkam.org/oaie/restaurant1-Address99","","","http://www.okkam.org/oaie/restaurant1-City99","","","804 northpoint","http://www.okkam.org/ontology_restaurant1.owl#Address"
"http://www.okkam.org/oaie/restaurant1-City85","","","","atlanta","","","http://www.okkam.org/ontology_restaurant1.owl#City"
"http://www.okkam.org/oaie/restaurant1-City39","","","","new york","","","http://www.okkam.org/ontology_restaurant1.owl#City"
"http://www.okkam.org/oaie/restaurant1-City99","","","","san francisco","","","http://www.okkam.org/ontology_restaurant1.owl#City"
"http://www.okkam.org/oaie/restaurant1-Restaurant105","mediterranean","http://www.okkam.org/oaie/restaurant1-Address105","","lulu","415/495-5775","","http://www.okkam.org/ontology_restaurant1.owl#Restaurant"
"http://www.okkam.org/oaie/restaurant1-Restaurant99","french","http://www.okkam.org/oaie/restaurant1-Address99","","chez michel","415/775-7036","","http://www.okkam.org/ontology_restaurant1.owl#Restaurant"
"http://www.okkam.org/oaie/restaurant1-City65","","","","new york","","","http://www.okkam.org/ontology_restaurant1.owl#City"
"http://www.okkam.org/oaie/restaurant1-Address26","","","http://www.okkam.org/oaie/restaurant1-City26","","","201 w. 83rd st.","http://www.okkam.org/ontology_restaurant1.owl#Address"
"http://www.okkam.org/oaie/restaurant1-Address3","","","http://www.okkam.org/oaie/restaurant1-City3","","","14016 ventura blvd.","http://www.okkam.org/ontology_restaurant1.owl#Address"
"http://www.okkam.org/oaie/restaurant1-Address48","","","http://www.okkam.org/oaie/restaurant1-City48","","","57 jane st.  off hudson st.","http://www.okkam.org/ontology_restaurant1.owl#Address"
"http://www.okkam.org/oaie/restaurant1-Address104","","","http://www.okkam.org/oaie/restaurant1-City104","","","2316 polk st.","http://www.okkam.org/ontology_restaurant1.owl#Address"
"http://www.okkam.org/oaie/restaurant1-City46","","","","new york","","","http://www.okkam.org/ontology_restaurant1.owl#City"
"http://www.okkam.org/oaie/restaurant1-Address70","","","http://www.okkam.org/oaie/restaurant1-City70","","","3570 las vegas blvd. s","http://www.okkam.org/ontology_restaurant1.owl#Address"
"http://www.okkam.org/oaie/restaurant1-Restaurant53","mediterranean","http://www.okkam.org/oaie/restaurant1-Address53","","picholine","212/724-8585","","http://www.okkam.org/ontology_restaurant1.owl#Restaurant"
"http://www.okkam.org/oaie/restaurant1-City18","","","","los angeles","","","http://www.okkam.org/ontology_restaurant1.owl#City"
"http://www.okkam.org/oaie/restaurant1-Restaurant43","american","http://www.okkam.org/oaie/restaurant1-Address43","","lespinasse","212/339-6719","","http://www.okkam.org/ontology_restaurant1.owl#Restaurant"
"http://www.okkam.org/oaie/restaurant1-Address15","","","http://www.okkam.org/oaie/restaurant1-City15","","","9001 santa monica blvd.","http://www.okkam.org/ontology_restaurant1.owl#Address"
"http://www.okkam.org/oaie/restaurant1-Restaurant13","italian","http://www.okkam.org/oaie/restaurant1-Address13","","locanda veneta","310/274-1893","","http://www.okkam.org/ontology_restaurant1.owl#Restaurant"
"http://www.okkam.org/oaie/restaurant1-Address84","","","http://www.okkam.org/oaie/restaurant1-City84","","","1397 n. highland ave.","http://www.okkam.org/ontology_restaurant1.owl#Address"
"http://www.okkam.org/oaie/restaurant1-City28","","","","new york","","","http://www.okkam.org/ontology_restaurant1.owl#City"
"http://www.okkam.org/oaie/restaurant1-City86","","","","atlanta","","","http://www.okkam.org/ontology_restaurant1.owl#City"
"http://www.okkam.org/oaie/restaurant1-Address35","","","http://www.okkam.org/oaie/restaurant1-City35","","","12 e. 12th st.","http://www.okkam.org/ontology_restaurant1.owl#Address"
"http://www.okkam.org/oaie/restaurant1-Restaurant84","caribbean","http://www.okkam.org/oaie/restaurant1-Address84","","indigo coastal grill","404/876-0676","","http://www.okkam.org/ontology_restaurant1.owl#Restaurant"
"http://www.okkam.org/oaie/restaurant1-City38","","","","new york","","","http://www.okkam.org/ontology_restaurant1.owl#City"
"http://www.okkam.org/oaie/restaurant1-City47","","","","new york","","","http://www.okkam.org/ontology_restaurant1.owl#City"
"http://www.okkam.org/oaie/restaurant1-Address25","","","http://www.okkam.org/oaie/restaurant1-City25","","","34 e. 61st st.","http://www.okkam.org/ontology_restaurant1.owl#Address"
"http://www.okkam.org/oaie/restaurant1-City66","","","","new york","","","http://www.okkam.org/ontology_restaurant1.owl#City"
"http://www.okkam.org/oaie/restaurant1-Restaurant104","french","http://www.okkam.org/oaie/restaurant1-Address104","","la folie","415/776-5577","","http://www.okkam.org/ontology_restaurant1.owl#Restaurant"
"http://www.okkam.org/oaie/restaurant1-Restaurant98","american","http://www.okkam.org/oaie/restaurant1-Address98","","campton place","415/955-5555","","http://www.okkam.org/ontology_restaurant1.owl#Restaurant"
"http://www.okkam.org/oaie/restaurant1-Restaurant54","seafood","http://www.okkam.org/oaie/restaurant1-Address54","","pisces","212/260-6660","","http://www.okkam.org/ontology_restaurant1.owl#Restaurant"
"http://www.okkam.org/oaie/restaurant1-Address6","","","http://www.okkam.org/oaie/restaurant1-City6","","","6703 melrose ave.","http://www.okkam.org/ontology_restaurant1.owl#Address"
"http://www.okkam.org/oaie/restaurant1-Address49","","","http://www.okkam.org/oaie/restaurant1-City49","","","239 w. broadway  between walker and white sts.","http://www.okkam.org/ontology_restaurant1.owl#Address"
"http://www.okkam.org/oaie/restaurant1-Address103","","","http://www.okkam.org/oaie/restaurant1-City103","","","5937 geary blvd.","http://www.okkam.org/ontology_restaurant1.owl#Address"
"http://www.okkam.org/oaie/restaurant1-Address73","","","http://www.okkam.org/oaie/restaurant1-City73","","","2245 e. flamingo rd.","http://www.okkam.org/ontology_restaurant1.owl#Address"
"http://www.okkam.org/oaie/restaurant1-Restaurant2","californian","http://www.okkam.org/oaie/restaurant1-Address2","","hotel bel-air","310/472-1211","","http://www.okkam.org/ontology_restaurant1.owl#Restaurant"
"http://www.okkam.org/oaie/restaurant1-Restaurant14","asian","http://www.okkam.org/oaie/restaurant1-Address14","","matsuhisa","310/659-9639","","http://www.okkam.org/ontology_restaurant1.owl#Restaurant"
"http://www.okkam.org/oaie/restaurant1-Restaurant68","southwestern","http://www.okkam.org/oaie/restaurant1-Address68","","coyote cafe","702/891-7349","","http://www.okkam.org/ontology_restaurant1.owl#Restaurant"
"http://www.okkam.org/oaie/restaurant1-Restaurant40","french","http://www.okkam.org/oaie/restaurant1-Address40","","la cote basque","212/688-6525","","http://www.okkam.org/ontology_restaurant1.owl#Restaurant"
"http://www.okkam.org/oaie/restaurant1-City57","","","","new york","","","http://www.okkam.org/ontology_restaurant1.owl#City"
"http://www.okkam.org/oaie/restaurant1-Address18","","","http://www.okkam.org/oaie/restaurant1-City18","","","12969 ventura blvd.","http://www.okkam.org/ontology_restaurant1.owl#Address"
"http://www.okkam.org/oaie/restaurant1-Address59","","","http://www.okkam.org/oaie/restaurant1-City59","","","11 e. 53rd st.","http://www.okkam.org/ontology_restaurant1.owl#Address"
"http://www.okkam.org/oaie/restaurant1-Address83","","","http://www.okkam.org/oaie/restaurant1-City83","","","595 piedmont ave.  rio shopping mall","http://www.okkam.org/ontology_restaurant1.owl#Address"
"http://www.okkam.org/oaie/restaurant1-City58","","","","new york","","","http://www.okkam.org/ontology_restaurant1.owl#City"
"http://www.okkam.org/oaie/restaurant1-City27","","","","new york","","","http://www.okkam.org/ontology_restaurant1.owl#City"
"http://www.okkam.org/oaie/restaurant1-City87","","","","atlanta","","","http://www.okkam.org/ontology_restaurant1.owl#City"
"http://www.okkam.org/oaie/restaurant1-Restaurant87","continental","http://www.okkam.org/oaie/restaurant1-Address87","","nikolai's roof","404/221-6362","","http://www.okkam.org/ontology_restaurant1.owl#Restaurant"
"http://www.okkam.org/oaie/restaurant1-Address38","","","http://www.okkam.org/oaie/restaurant1-City38","","","160 e. 64th st.","http://www.okkam.org/ontology_restaurant1.owl#Address"
"http://www.okkam.org/oaie/restaurant1-City77","","","","atlanta","","","http://www.okkam.org/ontology_restaurant1.owl#City"
"http://www.okkam.org/oaie/restaurant1-City67","","","","las vegas","","","http://www.okkam.org/ontology_restaurant1.owl#City"
"http://www.okkam.org/oaie/restaurant1-Restaurant28","italian","http://www.okkam.org/oaie/restaurant1-Address28","","carmine's","212/362-2200","","http://www.okkam.org/ontology_restaurant1.owl#Restaurant"
"http://www.okkam.org/oaie/restaurant1-Restaurant97","french","http://www.okkam.org/oaie/restaurant1-Address97","","cafe claude","415/392-3505","","http://www.okkam.org/ontology_restaurant1.owl#Restaurant"
"http://www.okkam.org/oaie/restaurant1-Restaurant107","asian","http://www.okkam.org/oaie/restaurant1-Address107","","mifune japan center  kintetsu building","415/922-0337","","http://www.okkam.org/ontology_restaurant1.owl#Restaurant"
"http://www.okkam.org/oaie/restaurant1-Address24","","","http://www.okkam.org/oaie/restaurant1-City24","","","13 w. 54th st.","http://www.okkam.org/ontology_restaurant1.owl#Address"
"http://www.okkam.org/oaie/restaurant1-City111","","","","san francisco","","","http://www.okkam.org/ontology_restaurant1.owl#City"
"http://www.okkam.org/oaie/restaurant1-City48","","","","new york","","","http://www.okkam.org/ontology_restaurant1.owl#City"
"http://www.okkam.org/oaie/restaurant1-City97","","","","san francisco","","","http://www.okkam.org/ontology_restaurant1.owl#City"
"http://www.okkam.org/oaie/restaurant1-Restaurant55","or 212/632-5100 american","http://www.okkam.org/oaie/restaurant1-Address55","","rainbow room","212/632-5000","","http://www.okkam.org/ontology_restaurant1.owl#Restaurant"
"http://www.okkam.org/oaie/restaurant1-Address72","","","http://www.okkam.org/oaie/restaurant1-City72","","","2880 las vegas blvd. s","http://www.okkam.org/ontology_restaurant1.owl#Address"
"http://www.okkam.org/oaie/restaurant1-Address102","","","http://www.okkam.org/oaie/restaurant1-City102","","","22 hawthorne st.","http://www.okkam.org/ontology_restaurant1.owl#Address"
"http://www.okkam.org/oaie/restaurant1-City69","","","","las vegas","","","http://www.okkam.org/ontology_restaurant1.owl#City"
"http://www.okkam.org/oaie/restaurant1-Restaurant1","american","http://www.okkam.org/oaie/restaurant1-Address1","","art's delicatessen","818/762-1221","","http://www.okkam.org/ontology_restaurant1.owl#Restaurant"
"http://www.okkam.org/oaie/restaurant1-Address5","","","http://www.okkam.org/oaie/restaurant1-City5","","","2709 main st.","http://www.okkam.org/ontology_restaurant1.owl#Address"
"http://www.okkam.org/oaie/restaurant1-Restaurant69","continental","http://www.okkam.org/oaie/restaurant1-Address69","","le montrachet","702/732-5111","","http://www.okkam.org/ontology_restaurant1.owl#Restaurant"
"http://www.okkam.org/oaie/restaurant1-Restaurant15","american","http://www.okkam.org/oaie/restaurant1-Address15","","the palm","310/550-8811","","http://www.okkam.org/ontology_restaurant1.owl#Restaurant"
"http://www.okkam.org/oaie/restaurant1-Address82","","","http://www.okkam.org/oaie/restaurant1-City82","","","490 e. paces ferry rd.","http://www.okkam.org/ontology_restaurant1.owl#Address"
"http://www.okkam.org/oaie/restaurant1-Address17","","","http://www.okkam.org/oaie/restaurant1-City17","","","1001 n. alameda st.","http://www.okkam.org/ontology_restaurant1.owl#Address"
"http://www.okkam.org/oaie/restaurant1-Restaurant41","french","http://www.okkam.org/oaie/restaurant1-Address41","","le bernardin","212/489-1515","","http://www.okkam.org/ontology_restaurant1.owl#Restaurant"
"http://www.okkam.org/oaie/restaurant1-City59","","","","new york","","","http://www.okkam.org/ontology_restaurant1.owl#City"
"http://www.okkam.org/oaie/restaurant1-City26","","","","new york","","","http://www.okkam.org/ontology_restaurant1.owl#City"
"http://www.okkam.org/oaie/restaurant1-Restaurant86","southern","http://www.okkam.org/oaie/restaurant1-Address86","","mary mac's tea room","404/876-1800","","http://www.okkam.org/ontology_restaurant1.owl#Restaurant"
"http://www.okkam.org/oaie/restaurant1-Address37","","","http://www.okkam.org/oaie/restaurant1-City37","","","402 w. 44th st.","http://www.okkam.org/ontology_restaurant1.owl#Address"
"http://www.okkam.org/oaie/restaurant1-City78","","","","atlanta","","","http://www.okkam.org/ontology_restaurant1.owl#City"
"http://www.okkam.org/oaie/restaurant1-City88","","","","atlanta","","","http://www.okkam.org/ontology_restaurant1.owl#City"
"http://www.okkam.org/oaie/restaurant1-Restaurant96","american","http://www.okkam.org/oaie/restaurant1-Address96","","boulevard","415/543-6084","","http://www.okkam.org/ontology_restaurant1.owl#Restaurant"
"http://www.okkam.org/oaie/restaurant1-Restaurant106","french","http://www.okkam.org/oaie/restaurant1-Address106","","masa's","415/989-7154","","http://www.okkam.org/ontology_restaurant1.owl#Restaurant"
"http://www.okkam.org/oaie/restaurant1-Restaurant0","american","http://www.okkam.org/oaie/restaurant1-Address0","","arnie morton's of chicago","310/246-1501","","http://www.okkam.org/ontology_restaurant1.owl#Restaurant"
"http://www.okkam.org/oaie/restaurant1-City98","","","","san francisco","","","http://www.okkam.org/ontology_restaurant1.owl#City"
"http://www.okkam.org/oaie/restaurant1-Restaurant29","delicatessen","http://www.okkam.org/oaie/restaurant1-Address29","","carnegie deli","212/757-2245","","http://www.okkam.org/ontology_restaurant1.owl#Restaurant"
"http://www.okkam.org/oaie/restaurant1-City68","","","","las vegas","","","http://www.okkam.org/ontology_restaurant1.owl#City"
"http://www.okkam.org/oaie/restaurant1-Address23","","","http://www.okkam.org/oaie/restaurant1-City23","","","21 w. 52nd st.","http://www.okkam.org/ontology_restaurant1.owl#Address"
"http://www.okkam.org/oaie/restaurant1-City49","","","","new york","","","http://www.okkam.org/ontology_restaurant1.owl#City"
"http://www.okkam.org/oaie/restaurant1-City110","","","","san francisco","","","http://www.okkam.org/ontology_restaurant1.owl#City"
"http://www.okkam.org/oaie/restaurant1-Address100","","","http://www.okkam.org/oaie/restaurant1-City100","","","777 sutter st.","http://www.okkam.org/ontology_restaurant1.owl#Address"
"http://www.okkam.org/oaie/restaurant1-Address33","","","http://www.okkam.org/oaie/restaurant1-City33","","","243 e. 58th st.","http://www.okkam.org/ontology_restaurant1.owl#Address"
"http://www.okkam.org/oaie/restaurant1-City62","","","","new york","","","http://www.okkam.org/ontology_restaurant1.owl#City"
"http://www.okkam.org/oaie/restaurant1-Restaurant109","american","http://www.okkam.org/oaie/restaurant1-Address109","","postrio","415/776-7825","","http://www.okkam.org/ontology_restaurant1.owl#Restaurant"
"http://www.okkam.org/oaie/restaurant1-Address110","","","http://www.okkam.org/oaie/restaurant1-City110","","","600 stockton st.","http://www.okkam.org/ontology_restaurant1.owl#Address"
"http://www.okkam.org/oaie/restaurant1-Address1","","","http://www.okkam.org/oaie/restaurant1-City1","","","12224 ventura blvd.","http://www.okkam.org/ontology_restaurant1.owl#Address"
"http://www.okkam.org/oaie/restaurant1-City76","","","","atlanta","","","http://www.okkam.org/ontology_restaurant1.owl#City"
"http://www.okkam.org/oaie/restaurant1-City108","","","","san francisco","","","http://www.okkam.org/ontology_restaurant1.owl#City"
"http://www.okkam.org/oaie/restaurant1-City25","","","","new york","","","http://www.okkam.org/ontology_restaurant1.owl#City"
"http://www.okkam.org/oaie/restaurant1-City24","","","","new york","","","http://www.okkam.org/ontology_restaurant1.owl#City"
"http://www.okkam.org/oaie/restaurant1-Restaurant89","ext 6108 international","http://www.okkam.org/oaie/restaurant1-Address89","","cafe  ritz-carlton  buckhead","404/237-2700","","http://www.okkam.org/ontology_restaurant1.owl#Restaurant"
"http://www.okkam.org/oaie/restaurant1-Address94","","","http://www.okkam.org/oaie/restaurant1-City94","","","126 clement st.","http://www.okkam.org/ontology_restaurant1.owl#Address"
"http://www.okkam.org/oaie/restaurant1-Restaurant5","french","http://www.okkam.org/oaie/restaurant1-Address5","","chinois on main","310/392-9025","","http://www.okkam.org/ontology_restaurant1.owl#Restaurant"
"http://www.okkam.org/oaie/restaurant1-Address42","","","http://www.okkam.org/oaie/restaurant1-City42","","","160 central park s","http://www.okkam.org/ontology_restaurant1.owl#Address"
"http://www.okkam.org/oaie/restaurant1-Address32","","","http://www.okkam.org/oaie/restaurant1-City32","","","210 e. 58th st.","http://www.okkam.org/ontology_restaurant1.owl#Address"
"http://www.okkam.org/oaie/restaurant1-Address75","","","http://www.okkam.org/oaie/restaurant1-City75","","","3125 piedmont rd.  near peachtree rd.","http://www.okkam.org/ontology_restaurant1.owl#Address"
"http://www.okkam.org/oaie/restaurant1-City34","","","","new york","","","http://www.okkam.org/ontology_restaurant1.owl#City"
"http://www.okkam.org/oaie/restaurant1-Address56","","","http://www.okkam.org/oaie/restaurant1-City56","","","1 water st. at the east river","http://www.okkam.org/ontology_restaurant1.owl#Address"
"http://www.okkam.org/oaie/restaurant1-Address54","","","http://www.okkam.org/oaie/restaurant1-City54","","","95 ave. a at 6th st.","http://www.okkam.org/ontology_restaurant1.owl#Address"
"http://www.okkam.org/oaie/restaurant1-Address34","","","http://www.okkam.org/oaie/restaurant1-City34","","","99 e. 52nd st.","http://www.okkam.org/ontology_restaurant1.owl#Address"
"http://www.okkam.org/oaie/restaurant1-City61","","","","new york","","","http://www.okkam.org/ontology_restaurant1.owl#City"
"http://www.okkam.org/oaie/restaurant1-Address111","","","http://www.okkam.org/oaie/restaurant1-City111","","","532 columbus ave.","http://www.okkam.org/ontology_restaurant1.owl#Address"
"http://www.okkam.org/oaie/restaurant1-Address44","","","http://www.okkam.org/oaie/restaurant1-City44","","","249 e. 50th st.","http://www.okkam.org/ontology_restaurant1.owl#Address"
"http://www.okkam.org/oaie/restaurant1-Restaurant88","international","http://www.okkam.org/oaie/restaurant1-Address88","","pano's and paul's","404/261-3662","","http://www.okkam.org/ontology_restaurant1.owl#Restaurant"
"http://www.okkam.org/oaie/restaurant1-Address89","","","http://www.okkam.org/oaie/restaurant1-City89","","","3434 peachtree rd.","http://www.okkam.org/ontology_restaurant1.owl#Address"
"http://www.okkam.org/oaie/restaurant1-Restaurant108","mediterranean","http://www.okkam.org/oaie/restaurant1-Address108","","plumpjack cafe","415/563-4755","","http://www.okkam.org/ontology_restaurant1.owl#Restaurant"
"http://www.okkam.org/oaie/restaurant1-City75","","","","atlanta","","","http://www.okkam.org/ontology_restaurant1.owl#City"
"http://www.okkam.org/oaie/restaurant1-City109","","","","san francisco","","","http://www.okkam.org/ontology_restaurant1.owl#City"
"http://www.okkam.org/oaie/restaurant1-City89","","","","atlanta","","","http://www.okkam.org/ontology_restaurant1.owl#City"
"http://www.okkam.org/oaie/restaurant1-Address95","","","http://www.okkam.org/oaie/restaurant1-City95","","","252 california st.","http://www.okkam.org/ontology_restaurant1.owl#Address"
"http://www.okkam.org/oaie/restaurant1-Address2","","","http://www.okkam.org/oaie/restaurant1-City2","","","701 stone canyon rd.","http://www.okkam.org/ontology_restaurant1.owl#Address"
"http://www.okkam.org/oaie/restaurant1-City23","","","","new york","","","http://www.okkam.org/ontology_restaurant1.owl#City"
"http://www.okkam.org/oaie/restaurant1-Address69","","","http://www.okkam.org/oaie/restaurant1-City69","","","3000 w. paradise rd.","http://www.okkam.org/ontology_restaurant1.owl#Address"
"http://www.okkam.org/oaie/restaurant1-Address43","","","http://www.okkam.org/oaie/restaurant1-City43","","","2 e. 55th st.","http://www.okkam.org/ontology_restaurant1.owl#Address"
"http://www.okkam.org/oaie/restaurant1-Restaurant6","californian","http://www.okkam.org/oaie/restaurant1-Address6","","citrus","213/857-0034","","http://www.okkam.org/ontology_restaurant1.owl#Restaurant"
"http://www.okkam.org/oaie/restaurant1-Address74","","","http://www.okkam.org/oaie/restaurant1-City74","","","2355 peachtree rd.  peachtree battle shopping center","http://www.okkam.org/ontology_restaurant1.owl#Address"
"http://www.okkam.org/oaie/restaurant1-Address101","","","http://www.okkam.org/oaie/restaurant1-City101","","","570 4th st.","http://www.okkam.org/ontology_restaurant1.owl#Address"
"http://www.okkam.org/oaie/restaurant1-City33","","","","new york","","","http://www.okkam.org/ontology_restaurant1.owl#City"
"http://www.okkam.org/oaie/restaurant1-Address55","","","http://www.okkam.org/oaie/restaurant1-City55","","","30 rockefeller plaza","http://www.okkam.org/ontology_restaurant1.owl#Address"
"http://www.okkam.org/oaie/restaurant1-City9","","","","los angeles","","","http://www.okkam.org/ontology_restaurant1.owl#City"
"http://www.okkam.org/oaie/restaurant1-Address19","","","http://www.okkam.org/oaie/restaurant1-City19","","","617 s. olive st.","http://www.okkam.org/ontology_restaurant1.owl#Address"
"http://www.okkam.org/oaie/restaurant1-City64","","","","new york","","","http://www.okkam.org/ontology_restaurant1.owl#City"
"http://www.okkam.org/oaie/restaurant1-Address78","","","http://www.okkam.org/oaie/restaurant1-City78","","","3073 piedmont road","http://www.okkam.org/ontology_restaurant1.owl#Address"
"http://www.okkam.org/oaie/restaurant1-City37","","","","new york","","","http://www.okkam.org/ontology_restaurant1.owl#City"
"http://www.okkam.org/oaie/restaurant1-Restaurant70","continental","http://www.okkam.org/oaie/restaurant1-Address70","","palace court","702/731-7547","","http://www.okkam.org/ontology_restaurant1.owl#Restaurant"
"http://www.okkam.org/oaie/restaurant1-Restaurant11","french","http://www.okkam.org/oaie/restaurant1-Address11","","l'orangerie","310/652-9770","","http://www.okkam.org/ontology_restaurant1.owl#Restaurant"
"http://www.okkam.org/oaie/restaurant1-City74","","","","atlanta","","","http://www.okkam.org/ontology_restaurant1.owl#City"
"http://www.okkam.org/oaie/restaurant1-Address88","","","http://www.okkam.org/oaie/restaurant1-City88","","","1232 w. paces ferry rd.","http://www.okkam.org/ontology_restaurant1.owl#Address"
"http://www.okkam.org/oaie/restaurant1-Address45","","","http://www.okkam.org/oaie/restaurant1-City45","","","57 w. 58th st.","http://www.okkam.org/ontology_restaurant1.owl#Address"
"http://www.okkam.org/oaie/restaurant1-Address112","","","http://www.okkam.org/oaie/restaurant1-City112","","","2930 beverly glen circle","http://www.okkam.org/ontology_restaurant1.owl#Address"
"http://www.okkam.org/oaie/restaurant1-Address87","","","http://www.okkam.org/oaie/restaurant1-City87","","","255 courtland st.  at harris st.","http://www.okkam.org/ontology_restaurant1.owl#Address"
"http://www.okkam.org/oaie/restaurant1-Restaurant31","french","http://www.okkam.org/oaie/restaurant1-Address31","","daniel","212/288-0033","","http://www.okkam.org/ontology_restaurant1.owl#Restaurant"
"http://www.okkam.org/oaie/restaurant1-Address68","","","http://www.okkam.org/oaie/restaurant1-City68","","","3799 las vegas blvd. s","http://www.okkam.org/ontology_restaurant1.owl#Address"
"http://www.okkam.org/oaie/restaurant1-Restaurant3","french","http://www.okkam.org/oaie/restaurant1-Address3","","cafe bizou","818/788-3536","","http://www.okkam.org/ontology_restaurant1.owl#Restaurant"
"http://www.okkam.org/oaie/restaurant1-Address96","","","http://www.okkam.org/oaie/restaurant1-City96","","","1 mission st.","http://www.okkam.org/ontology_restaurant1.owl#Address"
"http://www.okkam.org/oaie/restaurant1-City22","","","","los angeles","","","http://www.okkam.org/ontology_restaurant1.owl#City"
"http://www.okkam.org/oaie/restaurant1-Address58","","","http://www.okkam.org/oaie/restaurant1-City58","","","156 2nd ave. at 10th st.","http://www.okkam.org/ontology_restaurant1.owl#Address"
"http://www.okkam.org/oaie/restaurant1-City8","","","","malibu","","","http://www.okkam.org/ontology_restaurant1.owl#City"
"http://www.okkam.org/oaie/restaurant1-Restaurant50","seafood","http://www.okkam.org/oaie/restaurant1-Address50","","oceana","212/759-5941","","http://www.okkam.org/ontology_restaurant1.owl#Restaurant"
"http://www.okkam.org/oaie/restaurant1-Address30","","","http://www.okkam.org/oaie/restaurant1-City30","","","2 harrison st.  near hudson st.","http://www.okkam.org/ontology_restaurant1.owl#Address"
"http://www.okkam.org/oaie/restaurant1-Address77","","","http://www.okkam.org/oaie/restaurant1-City77","","","3393 peachtree rd.  lenox square mall  near neiman marcus","http://www.okkam.org/ontology_restaurant1.owl#Address"
"http://www.okkam.org/oaie/restaurant1-City63","","","","new york","","","http://www.okkam.org/ontology_restaurant1.owl#City"
"http://www.okkam.org/oaie/restaurant1-Restaurant71","seafood","http://www.okkam.org/oaie/restaurant1-Address71","","second street grille","702/385-3232","","http://www.okkam.org/ontology_restaurant1.owl#Restaurant"
"http://www.okkam.org/oaie/restaurant1-City36","","","","new york","","","http://www.okkam.org/ontology_restaurant1.owl#City"
"http://www.okkam.org/oaie/restaurant1-Address0","","","http://www.okkam.org/oaie/restaurant1-City0","","","435 s. la cienega blv.","http://www.okkam.org/ontology_restaurant1.owl#Address"
"http://www.okkam.org/oaie/restaurant1-Restaurant10","asian","http://www.okkam.org/oaie/restaurant1-Address10","","restaurant katsu","213/665-1891","","http://www.okkam.org/ontology_restaurant1.owl#Restaurant"
"http://www.okkam.org/oaie/restaurant1-City73","","","","las vegas","","","http://www.okkam.org/ontology_restaurant1.owl#City"
"http://www.okkam.org/oaie/restaurant1-Address46","","","http://www.okkam.org/oaie/restaurant1-City46","","","405 e. 58th st.","http://www.okkam.org/ontology_restaurant1.owl#Address"
"http://www.okkam.org/oaie/restaurant1-Restaurant30","american","http://www.okkam.org/oaie/restaurant1-Address30","","chanterelle","212/966-6960","","http://www.okkam.org/ontology_restaurant1.owl#Restaurant"
"http://www.okkam.org/oaie/restaurant1-Address86","","","http://www.okkam.org/oaie/restaurant1-City86","","","224 ponce de leon ave.","http://www.okkam.org/ontology_restaurant1.owl#Address"
"http://www.okkam.org/oaie/restaurant1-City21","","","","santa monica","","","http://www.okkam.org/ontology_restaurant1.owl#City"
"http://www.okkam.org/oaie/restaurant1-Address67","","","http://www.okkam.org/oaie/restaurant1-City67","","","3200 las vegas blvd. s","http://www.okkam.org/ontology_restaurant1.owl#Address"
"http://www.okkam.org/oaie/restaurant1-Restaurant4","american","http://www.okkam.org/oaie/restaurant1-Address4","","campanile","213/938-1447","","http://www.okkam.org/ontology_restaurant1.owl#Restaurant"
"http://www.okkam.org/oaie/restaurant1-Address97","","","http://www.okkam.org/oaie/restaurant1-City97","","","7 claude la.","http://www.okkam.org/ontology_restaurant1.owl#Address"
"http://www.okkam.org/oaie/restaurant1-City7","","","","hollywood","","","http://www.okkam.org/ontology_restaurant1.owl#City"
"http://www.okkam.org/oaie/restaurant1-Address57","","","http://www.okkam.org/oaie/restaurant1-City57","","","240 central park s","http://www.okkam.org/ontology_restaurant1.owl#Address"
"http://www.okkam.org/oaie/restaurant1-City35","","","","new york","","","http://www.okkam.org/ontology_restaurant1.owl#City"
"http://www.okkam.org/oaie/restaurant1-Address76","","","http://www.okkam.org/oaie/restaurant1-City76","","","3130 piedmont road","http://www.okkam.org/ontology_restaurant1.owl#Address"
"http://www.okkam.org/oaie/restaurant1-Restaurant51","american","http://www.okkam.org/oaie/restaurant1-Address51","","park avenue cafe","212/644-1900","","http://www.okkam.org/ontology_restaurant1.owl#Restaurant"
"http://www.okkam.org/oaie/restaurant1-Address31","","","http://www.okkam.org/oaie/restaurant1-City31","","","20 e. 76th st.","http://www.okkam.org/ontology_restaurant1.owl#Address"
"http://www.okkam.org/oaie/restaurant1-City72","","","","las vegas","","","http://www.okkam.org/ontology_restaurant1.owl#City"
"http://www.okkam.org/oaie/restaurant1-Address65","","","http://www.okkam.org/oaie/restaurant1-City65","","","21 e. 16th st.","http://www.okkam.org/ontology_restaurant1.owl#Address"
"http://www.okkam.org/oaie/restaurant1-Restaurant62","american","http://www.okkam.org/oaie/restaurant1-Address62","","smith & wollensky","212/753-1530","","http://www.okkam.org/ontology_restaurant1.owl#Restaurant"
"http://www.okkam.org/oaie/restaurant1-City91","","","","atlanta","","","http://www.okkam.org/ontology_restaurant1.owl#City"
"http://www.okkam.org/oaie/restaurant1-Restaurant72","steak houses","http://www.okkam.org/oaie/restaurant1-Address72","","steak house","702/734-0410","","http://www.okkam.org/ontology_restaurant1.owl#Restaurant"
"http://www.okkam.org/oaie/restaurant1-City104","","","","san francisco","","","http://www.okkam.org/ontology_restaurant1.owl#City"
"http://www.okkam.org/oaie/restaurant1-Address51","","","http://www.okkam.org/oaie/restaurant1-City51","","","100 e. 63rd st.","http://www.okkam.org/ontology_restaurant1.owl#Address"
"http://www.okkam.org/oaie/restaurant1-City10","","","","los angeles","","","http://www.okkam.org/ontology_restaurant1.owl#City"
"http://www.okkam.org/oaie/restaurant1-Restaurant23","american","http://www.okkam.org/oaie/restaurant1-Address23","","21 club","212/582-7200","","http://www.okkam.org/ontology_restaurant1.owl#Restaurant"
"http://www.okkam.org/oaie/restaurant1-Address90","","","http://www.okkam.org/oaie/restaurant1-City90","","","3434 peachtree rd.","http://www.okkam.org/ontology_restaurant1.owl#Address"
"http://www.okkam.org/oaie/restaurant1-City30","","","","new york","","","http://www.okkam.org/ontology_restaurant1.owl#City"
"http://www.okkam.org/oaie/restaurant1-Restaurant9","american","http://www.okkam.org/oaie/restaurant1-Address9","","grill on the alley","310/276-0615","","http://www.okkam.org/ontology_restaurant1.owl#Restaurant"
"http://www.okkam.org/oaie/restaurant1-City6","","","","los angeles","","","http://www.okkam.org/ontology_restaurant1.owl#City"
"http://www.okkam.org/oaie/restaurant1-City52","","","","new york","","","http://www.okkam.org/ontology_restaurant1.owl#City"
"http://www.okkam.org/oaie/restaurant1-Address66","","","http://www.okkam.org/oaie/restaurant1-City66","","","152 w. 44th st.","http://www.okkam.org/ontology_restaurant1.owl#Address"
"http://www.okkam.org/oaie/restaurant1-City20","","","","los angeles","","","http://www.okkam.org/ontology_restaurant1.owl#City"
"http://www.okkam.org/oaie/restaurant1-Restaurant33","italian","http://www.okkam.org/oaie/restaurant1-Address33","","felidia","212/758-1479","","http://www.okkam.org/ontology_restaurant1.owl#Restaurant"
"http://www.okkam.org/oaie/restaurant1-Restaurant63","american","http://www.okkam.org/oaie/restaurant1-Address63","","tavern on the green","212/873-3200","","http://www.okkam.org/ontology_restaurant1.owl#Restaurant"
"http://www.okkam.org/oaie/restaurant1-Restaurant111","italian","http://www.okkam.org/oaie/restaurant1-Address111","","rose pistola","415/399-0499","","http://www.okkam.org/ontology_restaurant1.owl#Restaurant"
"http://www.okkam.org/oaie/restaurant1-City92","","","","atlanta","","","http://www.okkam.org/ontology_restaurant1.owl#City"
"http://www.okkam.org/oaie/restaurant1-Address64","","","http://www.okkam.org/oaie/restaurant1-City64","","","747 9th ave.  between 50th and 51st sts.","http://www.okkam.org/ontology_restaurant1.owl#Address"
"http://www.okkam.org/oaie/restaurant1-City105","","","","san francisco","","","http://www.okkam.org/ontology_restaurant1.owl#City"
"http://www.okkam.org/oaie/restaurant1-Restaurant73","seafood","http://www.okkam.org/oaie/restaurant1-Address73","","tillerman","702/731-4036","","http://www.okkam.org/ontology_restaurant1.owl#Restaurant"
"http://www.okkam.org/oaie/restaurant1-Address50","","","http://www.okkam.org/oaie/restaurant1-City50","","","55 e. 54th st.","http://www.okkam.org/ontology_restaurant1.owl#Address"
"http://www.okkam.org/oaie/restaurant1-City71","","","","las vegas","","","http://www.okkam.org/ontology_restaurant1.owl#City"
"http://www.okkam.org/oaie/restaurant1-Address79","","","http://www.okkam.org/oaie/restaurant1-City79","","","1529 piedmont ave.","http://www.okkam.org/ontology_restaurant1.owl#Address"
"http://www.okkam.org/oaie/restaurant1-Restaurant22","asian","http://www.okkam.org/oaie/restaurant1-Address22","","yujean kang's gourmet chinese cuisine","818/585-0855","","http://www.okkam.org/ontology_restaurant1.owl#Restaurant"
"http://www.okkam.org/oaie/restaurant1-City51","","","","new york","","","http://www.okkam.org/ontology_restaurant1.owl#City"
"http://www.okkam.org/oaie/restaurant1-City5","","","","santa monica","","","http://www.okkam.org/ontology_restaurant1.owl#City"
"http://www.okkam.org/oaie/restaurant1-Restaurant110","american","http://www.okkam.org/oaie/restaurant1-Address110","","ritz-carlton restaurant and dining room","415/296-7465","","http://www.okkam.org/ontology_restaurant1.owl#Restaurant"
"http://www.okkam.org/oaie/restaurant1-Address91","","","http://www.okkam.org/oaie/restaurant1-City91","","","181 peachtree st.","http://www.okkam.org/ontology_restaurant1.owl#Address"
"http://www.okkam.org/oaie/restaurant1-Restaurant32","asian","http://www.okkam.org/oaie/restaurant1-Address32","","dawat","212/355-7555","","http://www.okkam.org/ontology_restaurant1.owl#Restaurant"
"http://www.okkam.org/oaie/restaurant1-City106","","","","san francisco","","","http://www.okkam.org/ontology_restaurant1.owl#City"
"http://www.okkam.org/oaie/restaurant1-Restaurant49","french","http://www.okkam.org/oaie/restaurant1-Address49","","montrachet","212/ 219-2777","","http://www.okkam.org/ontology_restaurant1.owl#Restaurant"
"http://www.okkam.org/oaie/restaurant1-Address20","","","http://www.okkam.org/oaie/restaurant1-City20","","","1114 horn ave.","http://www.okkam.org/ontology_restaurant1.owl#Address"
"http://www.okkam.org/oaie/restaurant1-Restaurant60","asian","http://www.okkam.org/oaie/restaurant1-Address60","","shun lee west","212/371-8844","","http://www.okkam.org/ontology_restaurant1.owl#Restaurant"
"http://www.okkam.org/oaie/restaurant1-Address63","","","http://www.okkam.org/oaie/restaurant1-City63","","","in central park at 67th st.","http://www.okkam.org/ontology_restaurant1.owl#Address"
"http://www.okkam.org/oaie/restaurant1-City60","","","","new york","","","http://www.okkam.org/ontology_restaurant1.owl#City"
"http://www.okkam.org/oaie/restaurant1-Restaurant35","american","http://www.okkam.org/oaie/restaurant1-Address35","","gotham bar & grill","212/620-4020","","http://www.okkam.org/ontology_restaurant1.owl#Restaurant"
"http://www.okkam.org/oaie/restaurant1-Restaurant90","international","http://www.okkam.org/oaie/restaurant1-Address90","","dining room  ritz-carlton  buckhead","404/237-2700","","http://www.okkam.org/ontology_restaurant1.owl#Restaurant"
"http://www.okkam.org/oaie/restaurant1-City70","","","","las vegas","","","http://www.okkam.org/ontology_restaurant1.owl#City"
"http://www.okkam.org/oaie/restaurant1-City12","","","","los angeles","","","http://www.okkam.org/ontology_restaurant1.owl#City"
"http://www.okkam.org/oaie/restaurant1-Restaurant74","italian","http://www.okkam.org/oaie/restaurant1-Address74","","abruzzi","404/261-8186","","http://www.okkam.org/ontology_restaurant1.owl#Restaurant"
"http://www.okkam.org/oaie/restaurant1-Address53","","","http://www.okkam.org/oaie/restaurant1-City53","","","35 w. 64th st.","http://www.okkam.org/ontology_restaurant1.owl#Address"
"http://www.okkam.org/oaie/restaurant1-City40","","","","new york","","","http://www.okkam.org/ontology_restaurant1.owl#City"
"http://www.okkam.org/oaie/restaurant1-City32","","","","new york","","","http://www.okkam.org/ontology_restaurant1.owl#City"
"http://www.okkam.org/oaie/restaurant1-Restaurant21","italian","http://www.okkam.org/oaie/restaurant1-Address21","","valentino","310/829-4313","","http://www.okkam.org/ontology_restaurant1.owl#Restaurant"
"http://www.okkam.org/oaie/restaurant1-Address40","","","http://www.okkam.org/oaie/restaurant1-City40","","","60 w. 55th st.  between 5th and 6th ave.","http://www.okkam.org/ontology_restaurant1.owl#Address"
"http://www.okkam.org/oaie/restaurant1-Restaurant7","american","http://www.okkam.org/oaie/restaurant1-Address7","","fenix","213/848-6677","","http://www.okkam.org/ontology_restaurant1.owl#Restaurant"
"http://www.okkam.org/oaie/restaurant1-Address92","","","http://www.okkam.org/oaie/restaurant1-City92","","","b peachtree rd.","http://www.okkam.org/ontology_restaurant1.owl#Address"
"http://www.okkam.org/oaie/restaurant1-City4","","","","los angeles","","","http://www.okkam.org/ontology_restaurant1.owl#City"
"http://www.okkam.org/oaie/restaurant1-City50","","","","new york","","","http://www.okkam.org/ontology_restaurant1.owl#City"
"http://www.okkam.org/oaie/restaurant1-City90","","","","atlanta","","","http://www.okkam.org/ontology_restaurant1.owl#City"
"http://www.okkam.org/oaie/restaurant1-Address62","","","http://www.okkam.org/oaie/restaurant1-City62","","","201 e. 49th st.","http://www.okkam.org/ontology_restaurant1.owl#Address"
"http://www.okkam.org/oaie/restaurant1-Address21","","","http://www.okkam.org/oaie/restaurant1-City21","","","3115 pico blvd.","http://www.okkam.org/ontology_restaurant1.owl#Address"
"http://www.okkam.org/oaie/restaurant1-Restaurant61","american","http://www.okkam.org/oaie/restaurant1-Address61","","sign of the dove","212/861-8080","","http://www.okkam.org/ontology_restaurant1.owl#Restaurant"
"http://www.okkam.org/oaie/restaurant1-City107","","","","san francisco","","","http://www.okkam.org/ontology_restaurant1.owl#City"
"http://www.okkam.org/oaie/restaurant1-Restaurant48","mexican","http://www.okkam.org/oaie/restaurant1-Address48","","mi cocina","212/627-8273","","http://www.okkam.org/ontology_restaurant1.owl#Restaurant"
"http://www.okkam.org/oaie/restaurant1-Restaurant34","american","http://www.okkam.org/oaie/restaurant1-Address34","","four seasons grill room","212/754-9494","","http://www.okkam.org/ontology_restaurant1.owl#Restaurant"
"http://www.okkam.org/oaie/restaurant1-Restaurant75","international","http://www.okkam.org/oaie/restaurant1-Address75","","bacchanalia","404/365-0410","","http://www.okkam.org/ontology_restaurant1.owl#Restaurant"
"http://www.okkam.org/oaie/restaurant1-City11","","","","los angeles","","","http://www.okkam.org/ontology_restaurant1.owl#City"
"http://www.okkam.org/oaie/restaurant1-Restaurant91","continental","http://www.okkam.org/oaie/restaurant1-Address91","","restaurant  ritz-carlton  atlanta","404/659-0400","","http://www.okkam.org/ontology_restaurant1.owl#Restaurant"
"http://www.okkam.org/oaie/restaurant1-Address52","","","http://www.okkam.org/oaie/restaurant1-City52","","","182 w. 58th st.","http://www.okkam.org/ontology_restaurant1.owl#Address"
"http://www.okkam.org/oaie/restaurant1-City80","","","","atlanta","","","http://www.okkam.org/ontology_restaurant1.owl#City"
"http://www.okkam.org/oaie/restaurant1-Restaurant20","californian","http://www.okkam.org/oaie/restaurant1-Address20","","spago","310/652-4025","","http://www.okkam.org/ontology_restaurant1.owl#Restaurant"
"http://www.okkam.org/oaie/restaurant1-City31","","","","new york","","","http://www.okkam.org/ontology_restaurant1.owl#City"
"http://www.okkam.org/oaie/restaurant1-Restaurant8","californian","http://www.okkam.org/oaie/restaurant1-Address8","","granita","310/456-0488","","http://www.okkam.org/ontology_restaurant1.owl#Restaurant"
"http://www.okkam.org/oaie/restaurant1-Address41","","","http://www.okkam.org/oaie/restaurant1-City41","","","155 w. 51st st.","http://www.okkam.org/ontology_restaurant1.owl#Address"
"http://www.okkam.org/oaie/restaurant1-Address93","","","http://www.okkam.org/oaie/restaurant1-City93","","","41 14th st.","http://www.okkam.org/ontology_restaurant1.owl#Address"
"http://www.okkam.org/oaie/restaurant1-Address22","","","http://www.okkam.org/oaie/restaurant1-City22","","","67 n. raymond ave.","http://www.okkam.org/ontology_restaurant1.owl#Address"
"http://www.okkam.org/oaie/restaurant1-City3","","","","sherman oaks","","","http://www.okkam.org/ontology_restaurant1.owl#City"
